Name,Type,Coordinates,Expected Cost,Best Time to Visit,Description,Popularity rank,Major Attractions,Expected Time (hours),Historical Image,Park Image,Food Image,Shopping Image
Chiyoda,"Historical, Park","35.6940° N, 139.7538° E",Free,Anytime,"Home to the Imperial Palace, the primary residence of the Emperor of Japan, and beautiful gardens that are best visited during daylight hours.",3,"Tokyo Imperial Palace, Yasukuni Shrine, National Museum of Modern Art",7,https://upload.wikimedia.org/wikipedia/commons/d/d6/Tokyo_Imperial_Palace_%28219542381%29.jpeg,https://upload.wikimedia.org/wikipedia/commons/4/41/Chiyoda_Tokyo_August_Tokyo_Imperial_Palace_2014_62.JPG,,
Chuo,"Shopping, Food, Market","35.6706° N, 139.7720° E",Moderate,"Morning, Afternoon","Known for its high-end shopping, upscale restaurants, and the famous Tsukiji Fish Market.",7,"Tsukiji Fish Market, Ginza Shopping District, Tokyo Station",7,,,https://images.pexels.com/photos/123013/pexels-photo-123013.jpeg,https://encrypted-tbn0.gstatic.com/images?q=tbn:ANd9GcTAd_Wd4uUwK1q70ABoHcjYkrDMSZAQEt3BLrP2tcNjiPY5F7d5-FzlBVZjQ1oV5myuwN8&usqp=CAU
Minato,"Shopping, Entertainment","35.6581° N, 139.7515° E",Moderate,"Afternoon, Evening","Home to Odaiba, a popular entertainment district, and Roppongi, a nightlife hotspot.",4,"Tokyo Tower, Roppongi Hills, Zojoji Temple",7,,,,https://c8.alamy.com/comp/ERJE95/japan-yokohama-minato-mirai-21-landmark-tower-shopping-centre-ERJE95.jpg
Shinjuku,"Park, Entertainment, Shopping, Food","35.6938° N, 139.7034° E",Free,Anytime,"Known as Tokyo's Tourist Mecca, famous for its bustling nightlife, shopping, Shinjuku Gyoen National Garden, Kagurazaka, Tokyo's ""Little Paris"" and Shinokubo, Tokyo's Koreatown",2,"Shinjuku Gyoen National Garden, Kabukicho, Tokyo Metropolitan Government Building",7,,https://upload.wikimedia.org/wikipedia/commons/9/9d/Shinjuku_Gyoen_National_Garden_-_sakura_3.JPG,https://en.pimg.jp/038/200/590/1/38200590.jpg,https://c8.alamy.com/comp/PH2R37/la-bourgogne-french-restaurant-at-kagurazaka-street-shinjuku-tokyo-japan-november-25-2017-PH2R37.jpg
Bunkyo,"Historical, Park","35.7079° N, 139.7524° E",Free,"Morning, Afternoon","Home to the beautiful Koishikawa Korakuen Garden, which is best visited during daylight hours.",16,"University of Tokyo, Koishikawa Korakuen Gardens",3.5,https://upload.wikimedia.org/wikipedia/commons/a/a5/Koishikawa_Korakuen_-_Benzai-Tenno-Miya.jpg,https://upload.wikimedia.org/wikipedia/commons/e/e0/Bunkyo_Rikugien_Panoramic_View_In_Late_Autumn_1.JPG,,
Taito,"Historical, Shopping","35.7126° N, 139.7802° E",Free,"Morning, Afternoon","Home to the famous Senso-ji Temple, Nakamise shopping street, and traditional Japanese restaurants, Ueno Zoo",5,"Ueno Park, Asakusa Temple, Tokyo National Museum",7,https://img.rawpixel.com/s3fs-private/rawpixel_images/website_content/sk10070-image-kwynvz65.jpg?w=800&dpr=1&fit=default&crop=default&q=65&vib=3&con=3&usm=15&bg=F4F4F3&ixlib=js-2.2.1&s=a9f24af596bf5b214af9707bd1460f52,,,https://live.staticflickr.com/3615/5759969513_a324025d6c_b.jpg
Sumida,"Entertainment, Shopping","35.7107° N, 139.8016° E",Moderate,"Afternoon, Evening","Home to the Tokyo Skytree, the tallest tower in the world, and the Sumida River Fireworks Festival in the summer.",6,"Tokyo Skytree, Sensoji Temple, Edo-Tokyo Museum",7,https://upload.wikimedia.org/wikipedia/commons/7/75/Cloudy_Sens%C5%8D-ji.jpg,,,https://upload.wikimedia.org/wikipedia/commons/5/56/2019_Tokyo_Skytree.jpg
Koto,"Park, Shopping","35.6728° N, 139.8175° E",Free,"Morning, Afternoon","Home to Ojima Komatsugawa Park, which features a large sports complex, shopping, and beautiful cherry blossoms in the spring.",8,"Tokyo Bay Area, Kiba Park, Tokyo Big Sight",4.5,,https://upload.wikimedia.org/wikipedia/commons/2/23/Ojima_komatsugawa_park_wansaka_plaza.JPG,,https://www.shutterstock.com/shutterstock/photos/2287036111/display_1500/stock-photo-shinjuku-tokyo-japan-feb-view-of-the-south-exit-of-shinjuku-station-2287036111.jpg
Shinagawa,"Shopping, Food","35.6092° N, 139.7303° E",Moderate,"Morning, Afternoon","Known for its shopping and dining options, including the popular Oimachi station area.",10,"Shinagawa Aquarium, Oi Racecourse, Tokyo Bay Seaside Park",4.5,,,https://images.pexels.com/photos/3534662/pexels-photo-3534662.jpeg,https://upload.wikimedia.org/wikipedia/commons/2/21/Nakanobu_skip_road_shinagawa.JPG
Meguro,"Park, Food","35.6415° N, 139.6981° E",Free,Anytime,"Home to the beautiful Meguro River, which is especially lovely during cherry blossom season, and shopping and dining areas, as well as Jiyugaoka, also known as Tokyo's Little Europe",9,"Meguro River, Himonya Park, Meguro Sky Garden",3.5,,https://upload.wikimedia.org/wikipedia/commons/8/81/Meguro_River_%2826001893880%29.jpg,https://c8.alamy.com/comp/P2ETGE/interior-of-famous-tonkatsu-restaurant-tonki-in-meguro-minato-ku-tokyo-japan-P2ETGE.jpg,https://encrypted-tbn0.gstatic.com/images?q=tbn:ANd9GcRHGZLOape4Ry-cuAWI3mZkPefKxv_PHHOF7A&usqp=CAU
Ota,"Transportation, Shopping","35.5614° N, 139.7161° E",Free,Anytime,"Home to Haneda Airport, one of Tokyo's main airports, and shopping areas like Omori and Kamata.",22,"Haneda Airport, Ota Market, Anamori Inari Shrine",4.5,,,,https://unique-ota.city.ota.tokyo.jp/en/wp/wp-content/uploads/2019/02/b5dd8e79f37b8fc3170114deedba696f.jpg
Setagaya,"Shopping, Food, Entertainment","35.6466° N, 139.6533° E",Moderate,"Afternoon, Evening","Known for its trendy shopping and dining scene, the Food and Agricultural Musem, and the Shimokitazawa Theatre Festival in the summer.",11,"Gotokuji Temple, Kinuta Park, Tamagawa Aqueduct",3.5,,,https://upload.wikimedia.org/wikipedia/commons/2/23/Cafe_-_Food_and_Agriculture_Museum_-_Setagaya%2C_Tokyo%2C_Japan_-_DSC09830.jpg,https://c8.alamy.com/comp/C3W4NE/shopping-street-sangenjaya-setagaya-ward-tokyo-prefecture-honshu-japan-C3W4NE.jpg
Shibuya,"Shopping, Food, Entertainment","35.6620° N, 139.7038° E",Moderate,"Afternoon, Evening","Known for its famous scramble crossing, Shibuya is a popular shopping and entertainment district.",1,"Shibuya Crossing, Meiji Jingu Shrine, Yoyogi Park",4.5,,,https://c0.wallpaperflare.com/preview/711/861/76/japan-shibuya-ku-sushi-zanmai-shibuya-east-exit-sushi.jpg,https://upload.wikimedia.org/wikipedia/commons/c/c5/Tokyo_Shibuya_Scramble_Crossing_2018-10-09.jpg
Nakano,"Shopping, Entertainment","35.7075° N, 139.6638° E",Moderate,"Afternoon, Evening","Home to Nakano Broadway, a shopping complex known for its anime and manga merchandise, and Nakano Sun Plaza.",12,"Nakano Broadway, Nakano Sun Plaza, Nakano Central Park",3.5,,,,https://www.nippon.com/en/ncommon/contents/japan-topics/1928082/1928082_org.jpg
Suginami,"Shopping, Entertainment","35.6995° N, 139.6355° E",Moderate,"Afternoon, Evening","Known for its hip shopping and entertainment scene, including vintage clothing, record stores, and live music venues.",13,"Inokashira Park, Ghibli Museum, Zenpukuji Park",4.5,,,,https://c8.alamy.com/comp/F2AH07/shopping-street-around-koenji-stationsuginami-kutokyojapan-F2AH07.jpg
Toshima,"Shopping, Entertainment","35.7263° N, 139.7168° E",Moderate,"Afternoon, Evening","Known for its large department stores, shopping centers, and entertainment options like the Sunshine City complex.",14,"Sunshine City, Ikebukuro West Gate Park, Rikkyo University",4.5,,,,https://commons.wikimedia.org/wiki/File:Mega_Tokyo_Pok%C3%A9mon_Center_wares_4.jpg
Kita,"Shopping, Food","35.7529° N, 139.7338° E",Moderate,"Morning, Afternoon","Known for its shopping and dining options, including the popular Akabane station area.",15,"Asukayama Park, Paper Museum, Akabane Shopping District",3.5,,,https://live.staticflickr.com/7844/46520243614_d131357f41_b.jpg,https://c8.alamy.com/comp/F2J1T2/higashijujo-shopping-streetkita-kutokyojapan-F2J1T2.jpg
Arakawa,"Shopping, Food","35.7359° N, 139.7835° E",Moderate,"Morning, Afternoon","Home to the popular Nippori Fabric Town, where you can find all kinds of fabrics and textiles, as well as shopping and dining areas.",21,"Arakawa Yuen Amusement Park, Minowabashi Shopping District",2.5,,,https://c8.alamy.com/comp/F4RJ0F/small-outdoor-restaurants-on-street-in-the-evening-in-rokku-entertainment-F4RJ0F.jpg,https://www.shutterstock.com/shutterstock/photos/1402493276/display_1500/stock-photo-tokyo-japan-may-nippori-textile-town-fabric-street-is-a-renowned-location-for-the-1402493276.jpg
Itabashi,"Shopping, Food","35.7512° N, 139.7093° E",Moderate,"Morning, Afternoon","Known for its shopping and dining options, including the popular Nakajuku station area.",18,"Itabashi Art Museum, Itabashi Ward Nakasato Park",3.5,,,https://encrypted-tbn0.gstatic.com/images?q=tbn:ANd9GcRfuPybcoCwDA88tw2VLLYE4xhJFQ1dQxhQWg&usqp=CAU,https://media.gettyimages.com/id/1190487112/photo/inside-aeon-store-as-japan-retailers-prepare-for-the-new-years-sale.jpg?s=594x594&w=gi&k=20&c=CabIpFkGjFsZleiBK8iASo-h-2Sig3Q5ZP7fi6f-5-k=
Nerima,"Entertainment, Shopping","35.7356° N, 139.6517° E",Moderate,"Afternoon, Evening","Home to Toshimaen, an amusement park and water park, as well as shopping and dining areas like Nerima Ward Office.",17,"Toshimaen Amusement Park, Shakujii Park, Hikarigaoka Park",4.5,,,,https://en.pimg.jp/073/332/754/1/73332754.jpg
Adachi,"Shopping, Food","35.7750° N, 139.8044° E",Moderate,"Afternoon, Evening","Known for its shopping and dining options, including the popular Kitasenju station area and the Adachi Fish Market.",19,"Toneri Park, Kita-Senju Shopping District",3.5,,,https://c8.alamy.com/comp/A7PFKR/tokyo-japan-tsukiji-fish-market-is-the-biggest-wholesale-fish-and-A7PFKR.jpg,https://thumbs.dreamstime.com/b/seafood-market-tokyo-25391809.jpg
Katsushika,"Historical, Shopping","35.7433° N, 139.8472° E",Free,"Morning, Afternoon","Home to the historic Shibamata Taishakuten Temple and shopping street, as well as the Katsushika Iris Festival in the summer.",20,"Shibamata Taishakuten Temple, Mizumoto Park",3.5,https://upload.wikimedia.org/wikipedia/commons/c/ca/Shibamata_Taishakuten_-01.jpg,,,https://upload.wikimedia.org/wikipedia/commons/e/ee/Shibamata_Taishakuten_March_11_2021_various_20_44_40_638000.jpeg
Edogawa,"Park, Entertainment","35.7067° N, 139.8682° E",Free,Anytime,"Home to Kasai Rinkai Park, which features an aquarium, bird sanctuary, and beautiful views of Tokyo Bay.",23,"Kasai Rinkai Park, Gyosen Park",4,,https://upload.wikimedia.org/wikipedia/commons/8/86/Kasai_Rinkai_Aquarium_01.jpg,,